[
  {
    "key": "ctrl+c",
    "command": "editor.action.clipboardCopyAction",
    "when": "textInputFocus"
  },
  {
    "key": "ctrl+v",
    "command": "editor.action.clipboardPasteAction",
    "when": "textInputFocus"
  },
  {
    "key": "ctrl+x",
    "command": "editor.action.clipboardCutAction",
    "when": "textInputFocus"
  },
  {
    "key": "ctrl+s",
    "command": "workbench.action.files.save"
  },
  {
    "key": "ctrl+shift+p",
    "command": "workbench.action.showCommands"
  },
  {
    "key": "ctrl+`",
    "command": "workbench.action.terminal.toggleTerminal"
  }
]
